Priority,Event Name,Organization,Event Date,Venue,City,Auction Types,Ticket Price,Table/Sponsorship,RSVP / Registration Link,Contact,Source URL,Notes
TIER A,18th Annual Denim & Diamonds Gala,Inspiration Ranch,2026-09-19,The Woodlands Waterway Marriott Hotel & Convention Center,The Woodlands,Silent + Live Auction,Not listed,Underwriting available; Bourbon Pull $40/draw,https://pciranch.ejoinme.org/MyEvents/2026DenimDiamondsGala/tabid/1581218/Default.aspx,MG Tindall (Pres/CEO) 281-719-9322 x103; Melissa Jurik (VP Dev) x129,https://www.inspirationranch.org/all-about-the-gala,5:30pm arrival; hundreds of silent auction items; live auction incl golf packages/jewelry/vacations; afterparty w/ mechanical bull
TIER A,Boo Ball 2026,Ronald McDonald House Charities Houston,2026-10-23,"Hilton Americas, 1600 Lamar St",Houston,Live + Silent Auction,Not listed,Sponsorship packages via qGiv,https://secure.qgiv.com/for/booball2026/event/sponsorships/,713-795-3500,https://rmhchouston.org/event/boo-ball/,Annual costume ball; dinner/drinks/dancing (Hybrid 7 Band); Chairs Shannon & Patrick Hayes / Alma Rosa & David Winkel
TIER A,The Sanctuary Gala 2026,Sanctuary Foster Care Services,2026-10-03,"Ballroom at Bayou Place, 500 Texas St",Houston,Live Auction,$250 ($200 early bird),Table of 10 $2250 ($2000 EB); Sponsors $1000-$20000,https://secure.qgiv.com/for/thesanctuaryfostercareservices/event/2026sanctuarygala/,contact@sanctuaryfostercare.org / 281-508-2205,https://www.sanctuaryfostercare.org/gala,Check-in 5:15pm; gala 6-9pm; live auction 8-9pm; after party 9-10:30pm
TIER A,Wine & Dine 2026,Catholic Charities,2026-11-13,"The Revaire, 7122 Old Katy Rd",Houston,Auctions (type unspecified),Not listed,Tables/tickets via site,https://catholiccharities.org/purchase-tables-tickets/,Mary E. Butler mebutler@catholiccharities.org 713.874.6698,https://catholiccharities.org/wineanddine/,Honors The Charity Guild of Catholic Women; gourmet dining + wine + auctions
TIER A,MAC 38th Annual Luncheon,Mothers Against Cancer,2026-12-07,Humble Civic Center,Humble,Silent + Live Auction,Not listed (check back),Sponsor reception 9:30am,Not yet posted,346.291.7708 / info@mothersagainstcancer.org,https://mothersagainstcancer.org/annual-luncheon,9:30am-2:15pm; auctioneer Johnny Bravo; ticket info pending
TIER A,Art Untamed,The Bryan Museum,2026-10-18,The Bryan Museum,Galveston,Live Auction,Not listed,Not listed,Via museum site,info@thebryanmuseum.org / (409) 632-7685,https://thebryanmuseum.org/get-involved/galas-fundraisers,Contemporary western art; live auction of exhibition pieces; cocktail reception + live music
TIER A,All in for Hope Casino Night Gala,Cy-Hope,2026-10-10,The Cypress Alamo,Cypress,Casino night (no auction listed),Not listed,Platinum $10000 (t/8); Gold $5000 (t/8); Silver $3000 (4); Bronze $2000 (2); Copper $1000,https://my.onecause.com/event/organizations/96ac3802-66d8-4f8b-a0da-6294b41daed6/events/vevt:a8f20a37-e971-4fed-bf28-751ef1b9916a/preview/home/story,specialevents@cy-hope.org / 713-466-4673,https://www.cy-hope.org/gala,Full published sponsorship ladder
TIER A,2026 Tapestry Gala - Timeless Threads,Interfaith Ministries for Greater Houston,2026-11-14,Hilton Americas-Houston,Houston,None listed,Not listed,Platinum/Silver/Bronze Weaver tiers,https://givebutter.com/tapestry2026,cjohnson@imgh.org,https://imgh.org/gala2026/,6:00pm; Honorees Linh & Fred G. Marshall; Spirit of Respect: WALIPP/Lawson Family
TIER A,Women of Substance 2026 (10th Anniversary),LEAD Houston,2026-11-12,Hilton Houston Post Oak by the Galleria,Houston,Champagne Raffle + Bid Board,Not listed,https://www.houstonlead.org/wossponsor,https://www.houstonlead.org/wossponsor,+1-832-930-7016,https://www.houstonlead.org/wos2026,6:30pm reception/raffle/bid board; 7:30pm dinner & honorees
TIER B,Heart4Children Houston Fundraiser (Sip & Support),Heart4Children,2026-09-12,"Venue 602, 602 Pruitt Road",The Woodlands,Auctions,Not listed,Not listed,https://www.heart4children.com/heart4children-events/2026/9/12/heart4children-houston-fundraiser,info@heart4children.com,https://www.heart4children.com/heart4children-events,4:00-6:30pm; beer/wine/live music/auctions; benefits Honduras programs
TIER B,7th Annual Bingo Bash,Avondale House,2026-10-01,"Junior League of Houston, 1811 Briar Oaks Ln",Houston,None (themed bingo),Not listed,Table purchase via DonorPerfect,https://wl.donorperfect.net/weblink/WebLink.aspx?name=E343581&id=54,Valerie valerier@avondalehouse.org / 713.993.9544,https://avondalehouse.org/event-bingo-bash,6-9pm; themed table competition; benefits adults with autism (50-yr mission)
TIER B,Evening of Heritage 2026,The Heritage Society,2026-10-21,"Brennan's of Houston, 3300 Smith St",Houston,None listed,Not listed,Tickets & Tables link on page,https://www.heritagesociety.org/evening-of-heritage-2026,info@heritagesociety.org / 713-655-1912,https://www.heritagesociety.org/evening-of-heritage-2026,6-8pm; historian Stephen L. Hardin; Laura Woods Development Director accepts checks
TIER B,Expressions of Gratitude Fall Luncheon,Pearl Fincher Museum of Fine Arts,2026-10-15,"Shirley Acres, 217 Woerner Road",Houston,None listed,Purchase via Blackbaud,Not listed,https://64590.blackbaudhosting.com/64590/Expressions-of-Gratitude-Fall-Luncheon,(281) 376-6322,https://www.pearlmfa.org/events,11:30am-1:30pm
TIER B,13th Annual Nora's Home Golf Classic,Nora's Home,2026-10-16,"Wildcat Golf Club",Houston,None listed,Sponsor form (PDF on site),https://secure.qgiv.com/for/gcl/event/202613thannualnorashomegolfclassic/,(832) 831-3720 / info@norashome.org,https://norashome.org/golf-classic,8am reg / 9am shotgun; 2-course 4-person scramble; print deadline Sep 18
TIER B,26th Annual Nehemiah Golf Classic,Nehemiah Center,2026-11-13,Golf Club of Houston,Houston,None listed,Not listed,Via /contact/,(713) 526-5015,https://www.nehemiahcenterhouston.org/golf/,Buffet lunch + open bar + shotgun start + clubhouse dinner
TIER B,3rd Annual LEAD Golf Open,LEAD Houston,2026-09-18,Golf Club of Houston - Tournament Course,Humble,None listed,houstonlead.org/golfsponsor,https://www.houstonlead.org/golfentry,+1-832-930-7016,https://www.houstonlead.org/golfopen2026,6:30am reg/breakfast; 8:00am shotgun
TIER B,Eleventh Annual Golf Fore Autism,Hope For Three,2026-10-05,Quail Valley Country Club,Missouri City,None listed,Not listed,https://hopeforthree.org/events/golf-fore-autism-2026/,Via site,https://hopeforthree.org/events/golf-fore-autism-2026/,7:30am-3:00pm; presented by Landmark Charities
TIER B,Clays for Care Sporting Classic,Vita Living,2026-10-06,Not specified,Houston,Gun Raffles,Not listed,Not listed,https://www.vitaliving.org/events/clays-for-care/,info@vitaliving.org / 713.292.1800,https://www.vitaliving.org,Clay shooting + food + live music + gun raffles
TIER B,15th Annual Los Juegos de la Paloma Clay Shoot,Texas Hearing Institute,2026-10-12,Not specified,Houston,None listed,Not listed,Sponsorship form on site,(713) 523-3633,https://www.texashearing.org/calendar-of-events/,Sponsorship form available at /ways-to-give/event-sponsorship/clay-shoot-sponsorship-form/
TIER B,Larry Dierker Celebrity Golf Shootout,Cy-Hope,2026-10-29,BlackHorse Golf Club,Cypress,Raffles,Team reg "Coming Soon",Title $25000; Double Eagle $10000; Eagle/Beverage/Cart $5000; Birdie/Ball $3000; Ring Toss $2000; Hole $500; Marketing $300,Registration pending,specialevents@cy-hope.org,https://www.cy-hope.org/golf,Hosted by Astros HOF Larry Dierker; celebrity athletes; full sponsor ladder published
TIER B,KCM Harvest of Hope Luncheon,Katy Christian Ministries,2026-10-08,The Grand Upper Room,Katy,None listed,Not listed,Not listed,https://ktcm.org/event/kcm-harvest-of-hope-luncheon/,Via site,https://ktcm.org/event/kcm-harvest-of-hope-luncheon/,11:00am
TIER B,Friends of KCM Golf Tournament,Katy Christian Ministries,2026-12-07,The Club at Falcon Point,Katy,None listed,Not listed,Not listed,https://ktcm.org/event/friends-of-kcm-golf-tournament/,Via site,https://ktcm.org/event/friends-of-kcm-golf-tournament/,8:00am
TIER B,2026 Annual Rise Up Luncheon,Family Promise of Montgomery County,2026-08-20,"Lone Star College Resource Center, 5000 Research Forest Dr",The Woodlands,Ticketing via SilentAuctionPro,Not listed,Presenting sponsor: Lone Star College-Montgomery,https://www.silentauctionpro.com/onlineticketpurchase.php?groupId=3521,Via /contact-us,https://www.familypromiseofmc.org/event-details/2026-annual-rise-up-luncheon-1,11:30am-1:00pm; keynote Dr. Bonnie Hubert; SOON - 3 weeks out
TIER B,Pulling for Education Sporting Clays Tournament,Santa Fe TX Education Foundation,2026-10-16,Not specified,Santa Fe,None listed,Not listed,Not listed,https://secure.qgiv.com/for/santafetexaseducationfoundation/event/2026pfesportingclays/,(409) 925-9080 / sftxef@gmail.com,https://santafetxedfoundation.org,Noted as "selling quickly"
TIER B,Purse Bingo,Santa Fe TX Education Foundation,2026-10-08,Not specified,Santa Fe,None listed,Info coming soon,Not listed,Pending,(409) 925-9080 / sftxef@gmail.com,https://santafetxedfoundation.org,Details pending
TIER B,Drive For Your Community with McRee Ford,Santa Fe TX Education Foundation,2026-10-23,Not specified,Santa Fe,None listed,Info coming soon,Not listed,Pending,(409) 925-9080 / sftxef@gmail.com,https://santafetxedfoundation.org,Details pending
TIER B,2027 Celebration of Excellence Gala,Interfaith of The Woodlands,2027-02-26,"The Woodlands Waterway Marriott, 1601 Lake Robbins Dr",The Woodlands,Not listed,Not listed,Not listed,Via site,281-367-1230,https://woodlandsinterfaith.org/event/celebration-of-excellence-gala/,6-11pm; Hometown Hero nominations Aug 3 - Sep 4 2026
TIER C,BIG Love From Lizzie Golf Tournament,BIG Love Cancer Care,2026-09-04,Not specified,Killeen,None listed,Not listed,Not listed,https://secure.qgiv.com/for/blflgt2/event/2026lizziesgolf/,Via site,https://www.biglovecancercare.org,Sep 4-5 2026; outside Houston metro
TIER C,Courtside Cares Pickleball Tournament,BIG Love Cancer Care,2026-09-27,Not specified,San Antonio,None listed,Not listed,Not listed,https://secure.qgiv.com/for/courtsidecares/event/2026sanantonio/,Via site,https://www.biglovecancercare.org,Outside Houston metro
TIER C,Heart of the House 5K,Ronald McDonald House Charities Houston,2026-12-05,"Sam Houston Park, Downtown",Houston,None,Not listed,Not listed,https://rmhchouston.org/event/heart-of-the-house/,713-795-3500,https://www.rmhchouston.org,8:00am; USATF certified
TIER C,Pickleball Tournament,The Ballard House,2026-08-01,Not specified,Katy,None,Not listed,Not listed,http://weblink.donorperfect.com/ballard-pickleball-aug-1-2026,Via site,https://www.theballardhouse.org,TOMORROW
TIER C,Third Annual Seafood Boil,Vita Living,2027-03-01,"The POST Beer & Wine Garden, 6417 N. Main",Houston,None,Free admission,Not listed,https://www.vitaliving.org/events/second-annual-seafood-boil/,info@vitaliving.org / 713.292.1800,https://www.vitaliving.org,March 2027; exact date TBD
TIER C,Pearls of Wisdom,Vita Living,2027-05-13,Not specified,Houston,Not listed,Not listed,Not listed,https://www.vitaliving.org/events/pearls-of-wisdom/,info@vitaliving.org / 713.292.1800,https://www.vitaliving.org,Date confirmed; details pending
TIER C,Habitat Church Connect,Habitat for Humanity of Montgomery County TX,2026-08-27,Not specified,Conroe,None,Not listed,Not listed,Not listed,development@habitatmctx.org,https://habitatmctx.org/news-events/events.html,Partner cultivation event
TIER C,2026 Derby and Fundraiser,New Heart of Texas,2026-01-01,Not specified,Cypress,Auction platform (ReadySetAuction),Not listed,Not listed,https://events.readysetauction.com/newhearttexas/2026-fundraiser,(866) 763-6557,https://www.newheartoftexas.org,Date not published - VERIFY
TIER C,Heart of Summer,Hunt With Heart,2026-01-01,Not specified,Cypress,Not listed,Not listed,Not listed,https://givebutter.com/Heart-of-Summer,832-574-2626,https://www.huntwithheart.org,Date not published - VERIFY
TIER C,2027 Clay Shoot,Hunt With Heart,2027-01-01,Not specified,Cypress,Not listed,Not listed,Not listed,https://givebutter.com/2026-hunt-with-heart-clay-shoot-copy-dorfju,832-574-2626,https://www.huntwithheart.org,Date not published - VERIFY
